player_slug,version,name,full_name,description,image,height_cm,weight_kg,dob,positions,best_position,overall_rating,potential,value,wage,preferred_foot,weak_foot,skill_moves,international_reputation,body_type,real_face,release_clause,specialities,club_id,club_name,club_league_id,club_league_name,club_logo,club_position,club_kit_number,club_joined,club_contract_valid_until,country_id,country_name,country_league_id,country_league_name,country_flag,country_position,country_kit_number,crossing,finishing,heading_accuracy,short_passing,volleys,dribbling,curve,fk_accuracy,long_passing,ball_control,acceleration,sprint_speed,agility,reactions,balance,shot_power,jumping,stamina,strength,long_shots,aggression,interceptions,positioning,vision,penalties,composure,defensive_awareness,standing_tackle,sliding_tackle,gk_diving,gk_handling,gk_kicking,gk_positioning,gk_reflexes,play_styles
rodrigo-hernandez-cascante,2025-07-17,Rodri,Rodrigo Hernández Cascante,"Rodri (born 22 June 1996) is a Spanish footballer who plays as a central defensive midfielder for British club Manchester City, and the Spain national team. In the game FC 25, his overall rating is 91.",https://cdn.sofifa.net/players/231/866/25_120.png,190,82,1996-06-22,"CDM,CM",CDM,91,91,€115.5M,€440K,Right,4,3,5,Normal (185+),Yes,€213.7M,Distance shooter,10.0,Manchester City,13.0,Premier League,https://cdn.sofifa.net/meta/team/9/30.png,RES,16.0,2019-07-04,2027,1362.0,Spain,78.0,Friendly International,https://cdn.sofifa.net/meta/team/18710/30.png,RES,16.0,76,74,81,93,71,84,86,64,91,90,65,66,66,93,67,92,83,91,83,89,85,84,76,84,62,94,92,87,82,10,10,7,14,8,"Tiki Taka +,Power Shot,Long Ball Pass,Bruiser,Press Proven,Aerial,Team Player,Leadership"
mohamed-salah,2025-07-17,Mohamed Salah Hamed Ghaly,Mohamed Salah Hamed Ghalyمحمد صلاح,"Mohamed Salah (Mohamed Salah Hamed Ghaly, born 15 June 1992) is an Egyptian footballer who plays as a right midfield for British club Liverpool. In the game FC 25, his overall rating is 91.",https://cdn.sofifa.net/players/209/331/25_120.png,175,72,1992-06-15,"RM,RW",RM,91,91,€104M,€350K,Left,3,4,5,Unique,Yes,€192.4M,"Dribbler,Crosser,Acrobat,Clinical finisher,Complete forward",9.0,Liverpool,13.0,Premier League,https://cdn.sofifa.net/meta/team/8/30.png,RM,11.0,2017-07-01,2027,,,,,,,,86,95,59,88,83,90,88,69,81,90,89,89,89,94,91,83,79,88,75,84,63,55,93,89,87,93,38,43,41,14,14,9,11,14,"Finesse Shot +,Chip Shot,Pinged Pass,Whipped Cross,Technical,First Touch,Trivela"
jude-bellingham,2025-07-17,Jude Victor William Bellingham,Jude Victor William Bellingham,"Jude Bellingham (Jude Victor William Bellingham, born 29 June 2003) is a British footballer who plays as a central attacking midfielder for Spanish club Real Madrid, and the England national team. In the game FC 25, his overall rating is 90.",https://cdn.sofifa.net/players/252/371/25_120.png,186,75,2003-06-29,"CAM,CM",CAM,90,94,€174.5M,€280K,Right,4,4,5,Normal (170-185),Yes,€370.8M,"Dribbler,Playmaker,Clinical finisher,Complete midfielder,Complete forward",243.0,Real Madrid,53.0,La Liga,https://cdn.sofifa.net/meta/team/3468/30.png,RCM,5.0,2023-07-01,2029,1318.0,England,78.0,Friendly International,https://cdn.sofifa.net/meta/team/18645/30.png,CAM,10.0,66,89,75,90,77,89,73,68,89,89,81,80,82,91,79,85,85,93,80,86,85,82,91,91,74,87,77,79,77,14,11,10,5,8,"Relentless +,Intercept,Slide Tackle,Technical,Flair"
erling-haaland,2025-07-17,Erling Braut Håland,Erling Braut Håland,"Erling Haaland (Erling Braut Håland, born 21 July 2000) is a Norwegian footballer who plays as a striker for British club Manchester City, and the Norway national team. In the game FC 25, his overall rating is 90.",https://cdn.sofifa.net/players/239/085/25_120.png,195,94,2000-07-21,ST,ST,90,92,€157M,€270K,Left,3,3,5,Unique,Yes,€302.2M,"Aerial threat,Distance shooter,Strength,Clinical finisher,Complete forward",10.0,Manchester City,13.0,Premier League,https://cdn.sofifa.net/meta/team/9/30.png,SUB,9.0,2022-07-01,2034,1352.0,Norway,78.0,Friendly International,https://cdn.sofifa.net/meta/team/18578/30.png,ST,9.0,58,96,83,77,90,79,77,62,66,83,80,94,77,93,69,94,92,76,93,83,88,43,95,74,90,88,38,47,29,7,14,13,11,7,"Chip Shot +,Power Shot,Power Header,Bruiser,Press Proven,Acrobatic,Injury Prone"
vinicius-jose-de-oliveira-junior,2025-07-17,Vini Jr.,Vinicius José Paixão de Oliveira Junior,"Vini Jr. (Vinicius José Paixão de Oliveira Junior, born 12 July 2000) is a Brazilian footballer who plays as a left winger for Spanish club Real Madrid. In the game FC 25, his overall rating is 90.",https://cdn.sofifa.net/players/238/794/25_120.png,176,73,2000-07-12,"LW,ST",CAM,90,94,€171.5M,€340K,Right,4,5,5,Lean (170-185),Yes,€364.4M,"Speedster,Dribbler,Acrobat,Clinical finisher,Complete forward",243.0,Real Madrid,53.0,La Liga,https://cdn.sofifa.net/meta/team/3468/30.png,LW,7.0,2018-07-12,2027,,,,,,,,81,89,50,83,73,93,79,62,77,90,95,95,94,86,84,81,74,84,65,83,58,26,87,85,74,83,32,25,18,5,7,7,7,10,"Quick Step +,Finesse Shot,Chip Shot,Rapid,Flair,First Touch,Trivela"
kylian-mbappe,2025-07-17,Kylian Mbappé Lottin,Kylian Mbappé Lottin,"Kylian Mbappé (Kylian Mbappé Lottin, born 20 December 1998) is a French footballer who plays as a striker for Spanish club Real Madrid, and the France national team. In the game FC 25, his overall rating is 90.",https://cdn.sofifa.net/players/231/747/25_120.png,182,75,1998-12-20,"ST,LW",ST,90,93,€160M,€380K,Right,4,5,5,Unique,Yes,€340M,"Speedster,Dribbler,Acrobat,Clinical finisher,Complete forward",243.0,Real Madrid,53.0,La Liga,https://cdn.sofifa.net/meta/team/3468/30.png,ST,9.0,2024-07-01,2029,1335.0,France,78.0,Friendly International,https://cdn.sofifa.net/meta/team/18647/30.png,ST,10.0,78,92,72,85,84,93,80,69,74,92,97,97,93,91,82,90,88,87,77,83,61,38,91,83,82,88,26,34,32,13,5,7,11,6,"Quick Step +,Finesse Shot,Rapid,Flair,Trivela,Acrobatic,Solid Player"
virgil-van-dijk,2025-07-17,Virgil van Dijk,Virgil van Dijk,"Virgil van Dijk (born 8 July 1991) is a Dutch footballer who plays as a center back for British club Liverpool, and the Netherlands national team. In the game FC 25, his overall rating is 90.",https://cdn.sofifa.net/players/203/376/25_120.png,193,92,1991-07-08,CB,CB,90,90,€77.5M,€220K,Right,3,2,5,Unique,Yes,€143.4M,"Tackling,Tactician,Strength,Complete defender",9.0,Liverpool,13.0,Premier League,https://cdn.sofifa.net/meta/team/8/30.png,LCB,4.0,2018-01-01,2027,105035.0,Netherlands,78.0,Friendly International,https://cdn.sofifa.net/meta/team/18694/30.png,LCB,4.0,53,52,88,80,45,70,60,70,86,77,66,87,54,90,50,81,89,75,93,64,85,91,47,70,62,90,91,91,87,13,10,13,11,11,"Intercept +,Power Header,Pinged Pass,Jockey,Anticipate,Bruiser,Aerial,Solid Player,Leadership"
harry-kane,2025-07-17,Harry Edward Kane,Harry Edward Kane,"Harry Kane (Harry Edward Kane, born 28 July 1993) is a British footballer who plays as a striker for German club FC Bayern München, and the England national team. In the game FC 25, his overall rating is 90.",https://cdn.sofifa.net/players/202/126/25_120.png,188,86,1993-07-28,ST,ST,90,90,€117.5M,€170K,Right,4,3,5,Unique,Yes,€193.9M,"Aerial threat,Distance shooter,Strength,Clinical finisher,Complete forward",21.0,FC Bayern München,19.0,Bundesliga,https://cdn.sofifa.net/meta/team/503/30.png,ST,9.0,2023-08-12,2027,1318.0,England,78.0,Friendly International,https://cdn.sofifa.net/meta/team/18645/30.png,ST,9.0,80,95,91,86,89,80,82,69,79,87,64,65,66,94,73,94,87,75,86,89,80,42,94,86,95,92,46,46,38,8,10,11,14,11,"Finesse Shot +,Power Header,Incisive Pass,Long Ball Pass,First Touch,Trivela"
florian-wirtz,2025-07-17,Florian Richard Wirtz,Florian Richard Wirtz,"Florian Wirtz (Florian Richard Wirtz, born 3 May 2003) is a German footballer who plays as a central attacking midfielder for German club Bayer 04 Leverkusen, and the Germany national team. In the game FC 25, his overall rating is 89.",https://cdn.sofifa.net/players/256/630/25_120.png,177,71,2003-05-03,"CAM,ST",CAM,89,92,€143.5M,€125K,Right,4,4,5,Normal (170-185),Yes,€247.5M,"Dribbler,Playmaker,Crosser,Acrobat,Complete midfielder",32.0,Bayer 04 Leverkusen,19.0,Bundesliga,https://cdn.sofifa.net/meta/team/3321/30.png,RAM,10.0,2020-01-31,2027,1337.0,Germany,78.0,Friendly International,https://cdn.sofifa.net/meta/team/18660/30.png,SUB,24.0,87,84,43,91,81,90,83,74,88,92,82,79,87,88,87,78,65,87,59,84,63,47,85,91,66,86,59,49,44,14,14,13,6,10,"Incisive Pass +,Finesse Shot,Chip Shot,Technical,Flair,First Touch,Trivela"
alisson-ramses-becker,2025-07-17,Alisson,Alisson Ramsés Becker,"Alisson (Alisson Ramsés Becker, born 2 October 1992) is a Brazilian footballer who plays as a goalkeeper for British club Liverpool. In the game FC 25, his overall rating is 89.",https://cdn.sofifa.net/players/212/831/25_120.png,193,91,1992-10-02,GK,GK,89,89,€54.5M,€130K,Right,3,1,5,Unique,Yes,€100.8M,,9.0,Liverpool,13.0,Premier League,https://cdn.sofifa.net/meta/team/8/30.png,GK,1.0,2018-07-19,2027,,,,,,,,17,13,29,60,20,27,19,18,58,42,60,49,40,87,37,64,82,32,78,14,27,11,13,66,23,66,15,19,16,86,85,85,90,89,"Deflector +,Far Throw,1v1 Close Down,Injury Prone"
kevin-de-bruyne,2025-07-17,Kevin De Bruyne,Kevin De Bruyne,"Kevin De Bruyne (born 28 June 1991) is a Belgian footballer who plays as a center midfield for British club Manchester City. In the game FC 25, his overall rating is 89.",https://cdn.sofifa.net/players/192/985/25_120.png,181,75,1991-06-28,"CM,CAM",CM,89,89,€63.5M,€270K,Right,5,4,5,Unique,Yes,€117.5M,"Playmaker,Distance shooter,Crosser,Complete midfielder",10.0,Manchester City,13.0,Premier League,https://cdn.sofifa.net/meta/team/9/30.png,CAM,17.0,2015-08-30,2025,,,,,,,,94,84,55,93,83,85,93,83,93,91,67,67,73,90,75,92,71,70,75,90,75,66,87,94,83,87,66,70,53,15,13,5,10,13,"Long Ball Pass +,Dead Ball,Incisive Pass,Pinged Pass,Whipped Cross,Trivela,Injury Prone,Leadership"
thibaut-courtois,2025-07-17,Thibaut Nicolas Marc Courtois,Thibaut Nicolas Marc Courtois,"Thibaut Courtois (Thibaut Nicolas Marc Courtois, born 11 May 1992) is a Belgian footballer who plays as a goalkeeper for Spanish club Real Madrid. In the game FC 25, his overall rating is 89.",https://cdn.sofifa.net/players/192/119/25_120.png,200,96,1992-05-11,GK,GK,89,89,€51M,€220K,Left,3,1,5,Unique,Yes,€104.6M,,243.0,Real Madrid,53.0,La Liga,https://cdn.sofifa.net/meta/team/3468/30.png,GK,1.0,2018-08-09,2026,,,,,,,,14,14,13,33,12,13,19,20,35,23,42,52,63,88,45,57,68,38,70,17,23,15,13,44,27,66,20,18,16,85,89,76,88,90,"1v1 Close Down +,Far Throw,Cross Claimer"
robert-lewandowski,2025-07-17,Robert Lewandowski,Robert Lewandowski,"Robert Lewandowski (born 21 August 1988) is a Polish footballer who plays as a striker for Spanish club FC Barcelona, and the Poland national team. In the game FC 25, his overall rating is 89.",https://cdn.sofifa.net/players/188/545/25_120.png,185,81,1988-08-21,ST,ST,89,89,€44M,€210K,Right,4,4,5,Unique,Yes,€90.2M,Clinical finisher,241.0,FC Barcelona,53.0,La Liga,https://cdn.sofifa.net/meta/team/83/30.png,ST,9.0,2022-07-18,2026,1353.0,Poland,78.0,Friendly International,https://cdn.sofifa.net/meta/team/18699/30.png,ST,9.0,76,92,88,84,86,85,79,84,70,90,76,75,77,89,83,89,92,76,89,82,81,49,90,81,90,87,35,42,19,15,6,12,8,10,"Chip Shot +,Finesse Shot,Power Shot,Power Header,Incisive Pass,First Touch,Trivela,Solid Player"
jamal-musiala,2025-07-17,Jamal Musiala,Jamal Musiala,"Jamal Musiala (born 26 February 2003) is a German footballer who plays as a central attacking midfielder for German club FC Bayern München, and the Germany national team. In the game FC 25, his overall rating is 88.",https://cdn.sofifa.net/players/256/790/25_120.png,184,72,2003-02-26,"CAM,LM,CM",CAM,88,92,€133.5M,€95K,Right,4,5,4,Lean (170-185),Yes,€230.3M,"Dribbler,Acrobat,Clinical finisher,Complete forward",21.0,FC Bayern München,19.0,Bundesliga,https://cdn.sofifa.net/meta/team/503/30.png,CAM,42.0,2020-06-03,2030,1337.0,Germany,78.0,Friendly International,https://cdn.sofifa.net/meta/team/18660/30.png,RAM,10.0,67,86,74,86,75,94,75,59,79,84,87,80,94,89,93,80,79,78,59,81,59,65,89,84,61,83,64,62,64,6,9,8,8,11,"Technical +,Incisive Pass,Flair,Trickster"
bukayo-saka,2025-07-17,Bukayo Saka,Bukayo Saka,"Bukayo Saka (born 5 September 2001) is a British footballer who plays as a right winger for British club Arsenal, and the England national team. In the game FC 25, his overall rating is 88.",https://cdn.sofifa.net/players/246/669/25_120.png,178,65,2001-09-05,"RW,RM",RW,88,90,€121M,€210K,Left,4,3,4,Lean (170-185),Yes,€232.9M,"Dribbler,Crosser",1.0,Arsenal,13.0,Premier League,https://cdn.sofifa.net/meta/team/19/30.png,RW,7.0,2018-09-14,2027,1318.0,England,78.0,Friendly International,https://cdn.sofifa.net/meta/team/18645/30.png,RES,25.0,89,85,49,85,79,89,87,74,77,88,88,84,85,87,88,79,73,86,68,83,68,62,85,86,87,82,60,62,60,7,8,13,9,13,"Whipped Cross +,Finesse Shot,Technical,Flair"
federico-valverde,2025-07-17,Federico Santiago Valverde Dipetta,Federico Santiago Valverde Dipetta,"Federico Valverde (Federico Santiago Valverde Dipetta, born 22 July 1998) is a Uruguayan footballer who plays as a center midfield for Spanish club Real Madrid. In the game FC 25, his overall rating is 88.",https://cdn.sofifa.net/players/239/053/25_120.png,182,74,1998-07-22,"CM,CDM,RB",CM,88,91,€120M,€300K,Right,4,3,4,Unique,Yes,€255M,"Playmaker,Distance shooter,Complete midfielder",243.0,Real Madrid,53.0,La Liga,https://cdn.sofifa.net/meta/team/3468/30.png,LCM,8.0,2016-07-22,2029,,,,,,,,78,79,63,87,78,83,76,69,88,88,84,91,77,89,68,91,83,92,82,89,81,83,86,86,59,84,79,85,80,6,10,6,15,8,"Power Shot +,Long Ball Pass,Rapid,Relentless,Trivela,Team Player"
raphael-dias-belloli,2025-07-17,Raphinha,Raphael Dias Belloli,"Raphinha (born 14 December 1996) is a Brazilian footballer who plays as a left midfield for Spanish club FC Barcelona. In the game FC 25, his overall rating is 88.",https://cdn.sofifa.net/players/233/419/25_120.png,176,68,1996-12-14,"LM,RW",LM,88,88,€97.5M,€220K,Left,4,4,4,Lean (170-185),Yes,€199.9M,"Speedster,Dribbler,Crosser,Acrobat,Clinical finisher,Complete forward",241.0,FC Barcelona,53.0,La Liga,https://cdn.sofifa.net/meta/team/83/30.png,LM,11.0,2022-07-13,2028,,,,,,,,86,87,74,83,72,88,85,79,78,87,90,91,88,86,79,83,82,88,65,82,77,56,86,85,78,85,49,54,38,8,7,13,8,14,"Rapid +,Finesse Shot,Power Shot,Flair,Trickster,Quick Step,Relentless"
lautaro-martinez,2025-07-17,Lautaro Javier Martínez,Lautaro Javier Martínez,"Lautaro Martínez (Lautaro Javier Martínez, born 22 August 1997) is an Argentine footballer who plays as a striker for Italian club Inter, and the Argentina national team. In the game FC 25, his overall rating is 88.",https://cdn.sofifa.net/players/231/478/25_120.png,174,72,1997-08-22,ST,ST,88,88,€101.5M,€185K,Right,4,4,4,Unique,Yes,€167.5M,"Acrobat,Clinical finisher",44.0,Inter,31.0,Serie A,https://cdn.sofifa.net/meta/team/2930/30.png,LS,10.0,2018-07-04,2029,1369.0,Argentina,78.0,Friendly International,https://cdn.sofifa.net/meta/team/18644/30.png,ST,22.0,68,93,86,78,92,81,80,65,72,84,83,79,88,92,92,87,93,83,85,80,87,48,92,79,74,88,45,51,44,11,8,8,8,13,"Power Shot,Incisive Pass,Technical,Relentless"
joshua-kimmich,2025-07-17,Joshua Walter Kimmich,Joshua Walter Kimmich,"Joshua Kimmich (Joshua Walter Kimmich, born 8 February 1995) is a German footballer who plays as a central defensive midfielder for German club FC Bayern München, and the Germany national team. In the game FC 25, his overall rating is 88.",https://cdn.sofifa.net/players/212/622/25_120.png,177,75,1995-02-08,"CDM,RB",CDM,88,88,€78M,€125K,Right,4,3,4,Normal (170-185),Yes,€128.7M,Crosser,21.0,FC Bayern München,19.0,Bundesliga,https://cdn.sofifa.net/meta/team/503/30.png,RDM,6.0,2015-07-01,2029,1337.0,Germany,78.0,Friendly International,https://cdn.sofifa.net/meta/team/18660/30.png,RM,6.0,92,68,72,89,69,82,85,79,92,86,75,59,83,88,84,78,77,88,68,83,86,84,78,85,71,86,82,84,84,8,15,7,15,15,"Long Ball Pass +,Finesse Shot,Whipped Cross,Anticipate,Press Proven,Relentless,Leadership"
antonio-rudiger,2025-07-17,Antonio Rüdiger,Antonio Rüdiger,"Antonio Rüdiger (born 3 March 1993) is a German footballer who plays as a center back for Spanish club Real Madrid, and the Germany national team. In the game FC 25, his overall rating is 88.",https://cdn.sofifa.net/players/205/452/25_120.png,190,85,1993-03-03,CB,CB,88,88,€62.5M,€310K,Right,3,2,4,Lean (185+),Yes,€128.1M,"Tackling,Strength",243.0,Real Madrid,53.0,La Liga,https://cdn.sofifa.net/meta/team/3468/30.png,LCB,22.0,2022-07-01,2026,1337.0,Germany,78.0,Friendly International,https://cdn.sofifa.net/meta/team/18660/30.png,RCB,2.0,68,40,83,84,34,69,50,56,81,74,71,91,56,86,50,84,89,70,91,67,92,85,54,61,40,80,86,88,87,14,15,10,12,8,"Bruiser +,Jockey,Block,Acrobatic,Aerial"
jan-oblak,2025-07-17,Jan Oblak,Jan Oblak,"Jan Oblak (born 7 January 1993) is a Slovenian footballer who plays as a goalkeeper for Spanish club Atlético Madrid. In the game FC 25, his overall rating is 88.",https://cdn.sofifa.net/players/200/389/25_120.png,188,87,1993-01-07,GK,GK,88,88,€48.5M,€87K,Right,3,1,4,Unique,Yes,€101.9M,,240.0,Atlético Madrid,53.0,La Liga,https://cdn.sofifa.net/meta/team/7980/30.png,GK,13.0,2014-07-16,2028,,,,,,,,13,11,15,43,13,12,13,14,40,30,42,53,64,85,48,59,72,42,78,12,36,24,11,67,11,68,27,14,18,85,90,78,86,87,"Far Reach +,Far Throw,Cross Claimer"
marc-andre-ter-stegen,2025-07-17,Marc-André ter Stegen,Marc-André ter Stegen,"Marc-André ter Stegen (born 30 April 1992) is a German footballer who plays as a goalkeeper for Spanish club FC Barcelona. In the game FC 25, his overall rating is 88.",https://cdn.sofifa.net/players/192/448/25_120.png,187,85,1992-04-30,GK,GK,88,88,€45M,€145K,Right,4,1,4,Unique,Yes,€92.3M,,241.0,FC Barcelona,53.0,La Liga,https://cdn.sofifa.net/meta/team/83/30.png,RES,1.0,2014-07-01,2028,,,,,,,,18,14,11,61,14,21,18,12,63,30,45,50,39,85,43,67,72,35,78,10,43,22,11,70,25,70,25,13,10,85,85,89,85,90,"Footwork +,1v1 Close Down"
cole-palmer,2025-07-17,Cole Jermaine Palmer,Cole Jermaine Palmer,"Cole Palmer (Cole Jermaine Palmer, born 6 May 2002) is a British footballer who plays as a central attacking midfielder for British club Chelsea, and the England national team. In the game FC 25, his overall rating is 87.",https://cdn.sofifa.net/players/257/534/25_120.png,185,76,2002-05-06,"CAM,RM",CAM,87,90,€111M,€185K,Left,3,4,4,Lean (185+),Yes,€219.2M,"Dribbler,Playmaker,Complete midfielder",5.0,Chelsea,13.0,Premier League,https://cdn.sofifa.net/meta/team/18/30.png,CAM,20.0,2023-09-01,2033,1318.0,England,78.0,Friendly International,https://cdn.sofifa.net/meta/team/18645/30.png,RES,24.0,85,85,62,87,70,87,86,81,86,89,76,78,81,88,81,85,72,81,62,85,63,52,87,89,90,89,45,53,40,7,6,10,14,14,"Incisive Pass +,Finesse Shot,Dead Ball,Whipped Cross,Technical,Flair,First Touch,Solid Player"
pedro-gonzalez-lopez,2025-07-17,Pedri,Pedro González López,"Pedri (born 25 November 2002) is a Spanish footballer who plays as a center midfield for Spanish club FC Barcelona, and the Spain national team. In the game FC 25, his overall rating is 87.",https://cdn.sofifa.net/players/251/854/25_120.png,174,60,2002-11-25,"CM,CDM",CM,87,90,€110M,€150K,Right,4,4,4,Lean (170-185),Yes,€233.8M,"Dribbler,Playmaker,Acrobat,Complete midfielder",241.0,FC Barcelona,53.0,La Liga,https://cdn.sofifa.net/meta/team/83/30.png,LDM,8.0,2020-08-04,2030,1362.0,Spain,78.0,Friendly International,https://cdn.sofifa.net/meta/team/18710/30.png,RCM,20.0,68,72,50,89,56,89,79,62,86,90,79,76,88,87,90,68,72,88,73,68,62,79,79,89,53,90,74,77,65,12,7,11,8,8,"Tiki Taka +,Incisive Pass,Long Ball Pass,Technical,First Touch,Relentless"
william-saliba,2025-07-17,William Alain André Gabriel Saliba,William Alain André Gabriel Saliba,"William Saliba (William Alain André Gabriel Saliba, born 24 March 2001) is a French footballer who plays as a center back for British club Arsenal, and the France national team. In the game FC 25, his overall rating is 87.",https://cdn.sofifa.net/players/243/715/25_120.png,193,85,2001-03-24,CB,CB,87,89,€92M,€170K,Right,3,2,4,Normal (185+),Yes,€177.1M,"Tackling,Tactician,Strength,Complete defender",1.0,Arsenal,13.0,Premier League,https://cdn.sofifa.net/meta/team/19/30.png,RCB,2.0,2019-07-25,2027,1335.0,France,78.0,Friendly International,https://cdn.sofifa.net/meta/team/18647/30.png,LCB,17.0,58,35,79,84,34,74,55,35,79,82,77,86,53,86,46,60,89,72,88,23,83,86,54,62,47,85,88,89,86,7,10,6,8,11,"Anticipate +,Jockey"
alessandro-bastoni,2025-07-17,Alessandro Bastoni,Alessandro Bastoni,"Alessandro Bastoni (born 13 April 1999) is an Italian footballer who plays as a center back for Italian club Inter, and the Italy national team. In the game FC 25, his overall rating is 87.",https://cdn.sofifa.net/players/237/383/25_120.png,190,75,1999-04-13,CB,CB,87,89,€88.5M,€140K,Left,2,2,4,Normal (185+),Yes,€152.7M,"Tackling,Tactician",44.0,Inter,31.0,Serie A,https://cdn.sofifa.net/meta/team/2930/30.png,LCB,95.0,2017-08-30,2028,1343.0,Italy,78.0,Friendly International,https://cdn.sofifa.net/meta/team/18658/30.png,LCB,21.0,72,39,86,80,44,74,64,41,84,82,71,77,64,88,61,59,89,81,84,48,83,86,39,72,50,85,87,89,85,11,5,9,11,12,"Intercept +,Pinged Pass,Long Ball Pass,Whipped Cross,Block,Relentless,Team Player"
declan-rice,2025-07-17,Declan Rice,Declan Rice,"Declan Rice (born 14 January 1999) is a British footballer who plays as a central defensive midfielder for British club Arsenal, and the England national team. In the game FC 25, his overall rating is 87.",https://cdn.sofifa.net/players/234/378/25_120.png,185,80,1999-01-14,"CDM,CM",CDM,87,88,€85M,€190K,Right,3,3,4,Normal (185+),Yes,€163.6M,"Crosser,Tackling,Tactician",1.0,Arsenal,13.0,Premier League,https://cdn.sofifa.net/meta/team/19/30.png,LCM,41.0,2023-07-15,2028,1318.0,England,78.0,Friendly International,https://cdn.sofifa.net/meta/team/18645/30.png,LDM,4.0,88,64,72,85,50,82,86,75,86,84,71,75,55,85,65,87,82,92,81,82,85,86,77,80,71,86,85,86,85,8,11,14,5,9,"Dead Ball,Whipped Cross,Block,Press Proven,Relentless,Solid Player"
gabriel-dos-s-magalhaes,2025-07-17,Gabriel,Gabriel dos Santos Magalhães,"Gabriel (Gabriel dos Santos Magalhães, born 19 December 1997) is a Brazilian footballer who plays as a center back for British club Arsenal. In the game FC 25, his overall rating is 87.",https://cdn.sofifa.net/players/232/580/25_120.png,190,87,1997-12-19,CB,CB,87,88,€82.5M,€195K,Left,2,2,4,Normal (185+),Yes,€158.8M,"Aerial threat,Tackling,Tactician,Strength,Complete defender",1.0,Arsenal,13.0,Premier League,https://cdn.sofifa.net/meta/team/19/30.png,SUB,6.0,2020-09-01,2027,,,,,,,,38,37,90,80,28,59,47,27,76,71,61,76,51,87,37,62,87,71,87,30,87,87,52,63,40,77,88,88,86,12,8,13,10,7,"Bruiser +,Power Header,Aerial,Leadership"
victor-osimhen,2025-07-17,Victor James Osimhen,Victor James Osimhen,"Victor Osimhen (Victor James Osimhen, born 29 December 1998) is a Nigerian footballer who plays as a striker for Turkish club Galatasaray SK, on loan from Napoli. In the game FC 25, his overall rating is 87.",https://cdn.sofifa.net/players/232/293/25_120.png,186,77,1998-12-29,ST,ST,87,89,€101.5M,€195K,Right,4,3,4,Normal (185+),Yes,,Speedster,325.0,Galatasaray SK,68.0,Süper Lig,https://cdn.sofifa.net/meta/team/34/30.png,ST,45.0,,"Jun 30, 2025",,,,,,,,62,88,89,72,85,80,63,52,54,84,90,92,78,89,67,86,95,81,86,74,68,34,92,70,85,80,36,45,22,14,14,10,9,6,"Chip Shot,Power Header,Rapid,Acrobatic"
ousmane-dembele,2025-07-17,Masour Ousmane Dembélé,Masour Ousmane Dembélé,"Ousmane Dembélé (Masour Ousmane Dembélé, born 15 May 1997) is a French footballer who plays as a right winger for French club Paris Saint-Germain, and the France national team. In the game FC 25, his overall rating is 87.",https://cdn.sofifa.net/players/231/443/25_120.png,178,67,1997-05-15,"RW,ST",RW,87,87,€85M,€155K,Left,5,5,4,Unique,Yes,€157.3M,"Speedster,Dribbler,Acrobat",73.0,Paris Saint-Germain,16.0,Ligue 1,https://cdn.sofifa.net/meta/team/591/30.png,ST,10.0,2023-08-12,2028,1335.0,France,78.0,Friendly International,https://cdn.sofifa.net/meta/team/18647/30.png,RW,7.0,84,82,64,82,76,89,84,68,78,87,94,91,94,84,81,87,75,76,54,77,54,38,85,84,80,84,42,42,34,6,6,14,10,13,"Rapid +,Pinged Pass,Flair,Trickster,Quick Step"
gianluigi-donnarumma,2025-07-17,Gianluigi Donnarumma,Gianluigi Donnarumma,"Gianluigi Donnarumma (born 25 February 1999) is an Italian footballer who plays as a goalkeeper for French club Paris Saint-Germain, and the Italy national team. In the game FC 25, his overall rating is 87.",https://cdn.sofifa.net/players/230/621/25_120.png,196,90,1999-02-25,GK,GK,87,89,€76M,€83K,Right,3,1,4,Unique,Yes,€146.3M,,73.0,Paris Saint-Germain,16.0,Ligue 1,https://cdn.sofifa.net/meta/team/591/30.png,GK,1.0,2021-07-15,2026,1343.0,Italy,78.0,Friendly International,https://cdn.sofifa.net/meta/team/18658/30.png,GK,1.0,12,12,12,36,8,28,12,14,34,30,50,55,57,82,38,53,72,41,75,18,30,26,14,60,24,54,21,14,16,90,83,70,85,89,"Deflector +,Footwork,Solid Player"
nicolo-barella,2025-07-17,Nicolò Barella,Nicolò Barella,"Nicolò Barella (born 7 February 1997) is an Italian footballer who plays as a center midfield for Italian club Inter, and the Italy national team. In the game FC 25, his overall rating is 87.",https://cdn.sofifa.net/players/224/232/25_120.png,175,68,1997-02-07,"CM,CDM",CM,87,87,€84.5M,€155K,Right,4,3,4,Normal (170-),Yes,€139.4M,Acrobat,44.0,Inter,31.0,Serie A,https://cdn.sofifa.net/meta/team/2930/30.png,RCM,23.0,2020-09-01,2029,1343.0,Italy,78.0,Friendly International,https://cdn.sofifa.net/meta/team/18658/30.png,RCM,18.0,79,77,60,88,80,84,79,67,86,87,82,78,91,90,92,80,78,93,74,79,87,84,84,84,73,88,80,83,81,11,5,13,14,11,"Relentless +,Finesse Shot,Incisive Pass,Pinged Pass,Jockey,Intercept,Press Proven"
martin-odegaard,2025-07-17,Martin Ødegaard,Martin Ødegaard,"Martin Ødegaard (born 17 December 1998) is a Norwegian footballer who plays as a center midfield for British club Arsenal, and the Norway national team. In the game FC 25, his overall rating is 87.",https://cdn.sofifa.net/players/222/665/25_120.png,178,68,1998-12-17,CM,CAM,87,89,€99.5M,€195K,Left,2,5,4,Lean (170-185),Yes,€191.5M,"Dribbler,Playmaker,Crosser,Complete midfielder",1.0,Arsenal,13.0,Premier League,https://cdn.sofifa.net/meta/team/19/30.png,RCM,8.0,2021-08-20,2028,1352.0,Norway,78.0,Friendly International,https://cdn.sofifa.net/meta/team/18578/30.png,RCM,10.0,86,83,55,90,79,88,84,85,89,90,72,69,85,88,83,82,65,88,55,80,64,69,82,90,68,87,68,72,57,14,15,15,8,10,"Incisive Pass +,Pinged Pass,Technical,Flair,First Touch,Trivela,Leadership"
mike-maignan,2025-07-17,Mike Peterson Maignan,Mike Peterson Maignan,"Mike Maignan (Mike Peterson Maignan, born 3 July 1995) is a French footballer who plays as a goalkeeper for Italian club AC Milan, and the France national team. In the game FC 25, his overall rating is 87.",https://cdn.sofifa.net/players/215/698/25_120.png,191,89,1995-07-03,GK,GK,87,89,€68M,€145K,Right,4,1,4,Normal (185+),Yes,€120.7M,,47.0,AC Milan,31.0,Serie A,https://cdn.sofifa.net/meta/team/113/30.png,GK,16.0,2021-07-01,2026,1335.0,France,78.0,Friendly International,https://cdn.sofifa.net/meta/team/18647/30.png,GK,16.0,18,15,17,64,16,30,38,16,61,40,65,62,60,85,56,64,82,39,83,20,35,25,15,65,15,68,23,16,19,84,83,85,84,88,"Deflector +,Far Throw,Cross Claimer,Injury Prone,Leadership"
jonathan-tah,2025-07-17,Jonathan Glao Tah,Jonathan Glao Tah,"Jonathan Tah (Jonathan Glao Tah, born 11 February 1996) is a German footballer who plays as a center back for German club Bayer 04 Leverkusen, and the Germany national team. In the game FC 25, his overall rating is 87.",https://cdn.sofifa.net/players/213/331/25_120.png,195,94,1996-02-11,CB,CB,87,87,€68.5M,€140K,Right,3,2,4,Stocky (185+),Yes,€113M,"Aerial threat,Strength",32.0,Bayer 04 Leverkusen,19.0,Bundesliga,https://cdn.sofifa.net/meta/team/3321/30.png,CB,4.0,2015-07-16,2025,1337.0,Germany,78.0,Friendly International,https://cdn.sofifa.net/meta/team/18660/30.png,CB,4.0,39,32,87,78,53,60,37,27,68,69,53,86,49,85,40,60,85,69,92,26,85,83,36,57,38,79,88,89,84,11,8,7,9,14,"Anticipate +,Aerial,Solid Player,Leadership"
marcos-aoas-correa,2025-07-17,Marquinhos,Marcos Aoás Corrêa,"Marquinhos (born 14 May 1994) is a Brazilian footballer who plays as a center back for French club Paris Saint-Germain. In the game FC 25, his overall rating is 87.",https://cdn.sofifa.net/players/207/865/25_120.png,183,75,1994-05-14,CB,CB,87,87,€65.5M,€145K,Right,3,3,4,Normal (170-185),Yes,€121.2M,"Tackling,Tactician",73.0,Paris Saint-Germain,16.0,Ligue 1,https://cdn.sofifa.net/meta/team/591/30.png,RCB,5.0,2013-07-19,2028,,,,,,,,68,59,88,84,35,69,58,32,85,79,76,81,68,86,67,65,89,83,79,45,81,89,70,76,52,86,90,89,88,6,6,12,10,13,"Intercept +,Power Header,Jockey,Anticipate,Aerial,Team Player"
antoine-griezmann,2025-07-17,Antoine Griezmann,Antoine Griezmann,"Antoine Griezmann (born 21 March 1991) is a French footballer who plays as a striker for Spanish club Atlético Madrid. In the game FC 25, his overall rating is 87.",https://cdn.sofifa.net/players/194/765/25_120.png,176,67,1991-03-21,"ST,LM",ST,87,87,€51M,€135K,Left,3,4,4,Unique,Yes,€107.1M,"Dribbler,Acrobat,Clinical finisher,Complete forward",240.0,Atlético Madrid,53.0,La Liga,https://cdn.sofifa.net/meta/team/7980/30.png,RS,7.0,2022-10-10,2026,,,,,,,,82,87,83,88,86,87,89,85,85,91,80,76,89,88,85,85,86,84,71,86,74,59,89,88,79,89,45,63,64,14,8,14,13,14,"Chip Shot +,Finesse Shot,Incisive Pass,Technical,Flair,Trivela,Acrobatic"
yann-sommer,2025-07-17,Yann Sommer,Yann Sommer,"Yann Sommer (born 17 December 1988) is a Swiss footballer who plays as a goalkeeper for Italian club Inter. In the game FC 25, his overall rating is 87.",https://cdn.sofifa.net/players/177/683/25_120.png,183,77,1988-12-17,GK,GK,87,87,€9M,€61K,Right,4,1,4,Normal (170-185),Yes,€14.9M,,44.0,Inter,31.0,Serie A,https://cdn.sofifa.net/meta/team/2930/30.png,GK,1.0,2023-08-07,2026,,,,,,,,13,13,10,46,8,22,12,13,38,30,48,54,57,83,58,64,68,45,68,12,38,21,15,64,24,54,9,19,12,83,82,85,87,89,Far Reach +
lionel-messi,2025-07-17,Lionel Andrés Messi Cuccitini,Lionel Andrés Messi Cuccitini,"Lionel Messi (Lionel Andrés Messi Cuccitini, born 24 June 1987) is an Argentine footballer who plays as a right winger for American club Inter Miami, and the Argentina national team. In the game FC 25, his overall rating is 87.",https://cdn.sofifa.net/players/158/023/25_120.png,169,67,1987-06-24,"RW,ST,CAM",RW,87,87,€26M,€19K,Left,4,4,4,Unique,Yes,€39M,"Dribbler,FK Specialist,Acrobat",112893.0,Inter Miami,39.0,Major League Soccer,https://cdn.sofifa.net/meta/team/239235/30.png,RS,10.0,2023-07-16,2025,1369.0,Argentina,78.0,Friendly International,https://cdn.sofifa.net/meta/team/18644/30.png,RW,10.0,80,85,60,85,86,89,88,89,84,89,86,73,89,85,88,83,71,70,68,87,44,40,86,87,75,88,20,35,24,6,11,15,14,8,"Tiki Taka +,Finesse Shot,Dead Ball,Incisive Pass,Technical,Quick Step,Trivela"
lamine-yamal-nasraoui-ebana,2025-07-17,Lamine Yamal,Lamine Yamal Nasraoui Ebanaلامين يامال نصراوي إبانا,"Lamine Yamal (born 13 July 2007) is a Spanish footballer who plays as a right midfield for Spanish club FC Barcelona, and the Spain national team. In the game FC 25, his overall rating is 86.",https://cdn.sofifa.net/players/277/643/25_120.png,180,72,2007-07-13,"RM,RW",CAM,86,95,€140.5M,€95K,Left,3,4,3,Lean (170-185),Yes,€316.1M,"Dribbler,Acrobat",241.0,FC Barcelona,53.0,La Liga,https://cdn.sofifa.net/meta/team/83/30.png,RM,19.0,2022-07-01,2026,1362.0,Spain,78.0,Friendly International,https://cdn.sofifa.net/meta/team/18710/30.png,RW,19.0,83,80,33,84,65,91,87,65,75,88,86,83,92,82,81,80,57,73,45,80,45,18,81,85,69,84,23,20,28,9,13,7,10,7,"Technical +,Finesse Shot,Incisive Pass,Flair,First Touch,Quick Step,Trivela"
julian-alvarez,2025-07-17,Julián Álvarez,Julián Álvarez,"Julián Alvarez (Julián Álvarez, born 31 January 2000) is an Argentine footballer who plays as a striker for Spanish club Atlético Madrid, and the Argentina national team. In the game FC 25, his overall rating is 86.",https://cdn.sofifa.net/players/246/191/25_120.png,170,71,2000-01-31,"ST,CAM",CAM,86,89,€94M,€105K,Right,4,4,3,Normal (170-),Yes,€204.5M,"Dribbler,Acrobat,Clinical finisher,Complete forward",240.0,Atlético Madrid,53.0,La Liga,https://cdn.sofifa.net/meta/team/7980/30.png,LS,19.0,2024-08-12,2030,1369.0,Argentina,78.0,Friendly International,https://cdn.sofifa.net/meta/team/18644/30.png,LW,9.0,77,88,74,83,79,87,87,80,78,87,86,85,87,87,87,88,84,85,72,85,86,52,86,83,78,86,60,55,46,6,10,8,15,6,"Press Proven +,Finesse Shot,Flair"
rodrygo-silva-de-goes,2025-07-17,Rodrygo,Rodrygo Silva de Goes,"Rodrygo (born 9 January 2001) is a Brazilian footballer who plays as a right winger for Spanish club Real Madrid. In the game FC 25, his overall rating is 86.",https://cdn.sofifa.net/players/243/812/25_120.png,174,64,2001-01-09,"RW,ST,RM",CAM,86,91,€102.5M,€240K,Right,4,4,4,Lean (170-185),Yes,€217.8M,"Dribbler,Acrobat",243.0,Real Madrid,53.0,La Liga,https://cdn.sofifa.net/meta/team/3468/30.png,RW,11.0,2019-07-01,2028,,,,,,,,79,85,67,80,67,90,82,77,73,88,90,88,87,84,84,76,77,81,59,77,52,21,84,85,82,85,24,34,30,9,8,12,8,5,"Flair +,Finesse Shot,Dead Ball,Technical"
viktor-gyokeres,2025-07-17,Viktor Einar Gyökeres,Viktor Einar Gyökeres,"Viktor Gyökeres (Viktor Einar Gyökeres, born 4 June 1998) is a Swedish footballer who plays as a striker for Portuguese club Sporting CP, and the Sweden national team. In the game FC 25, his overall rating is 86.",https://cdn.sofifa.net/players/241/651/25_120.png,189,94,1998-06-04,"ST,LW",ST,86,89,€90M,€32K,Right,4,3,4,Stocky (185+),Yes,€186.8M,"Speedster,Strength",237.0,Sporting CP,308.0,Primeira Liga,https://cdn.sofifa.net/meta/team/58/30.png,ST,9.0,2023-07-13,2028,1363.0,Sweden,78.0,Friendly International,https://cdn.sofifa.net/meta/team/18564/30.png,LS,17.0,69,88,81,76,77,80,70,64,58,82,88,92,81,86,77,87,95,93,91,78,87,28,86,79,81,85,34,34,16,10,13,11,14,8,"Finesse Shot,Power Shot,Press Proven,Quick Step,Acrobatic,Aerial,Solid Player,Leadership"
jules-kounde,2025-07-17,Jules Olivier Koundé,Jules Olivier Koundé,"Jules Koundé (Jules Olivier Koundé, born 12 November 1998) is a French footballer who plays as a right back for Spanish club FC Barcelona, and the France national team. In the game FC 25, his overall rating is 86.",https://cdn.sofifa.net/players/241/486/25_120.png,180,75,1998-11-12,"RB,CB",CB,86,89,€83M,€170K,Right,3,3,4,Normal (170-185),Yes,€176.4M,Tactician,241.0,FC Barcelona,53.0,La Liga,https://cdn.sofifa.net/meta/team/83/30.png,RB,23.0,2022-07-28,2027,1335.0,France,78.0,Friendly International,https://cdn.sofifa.net/meta/team/18647/30.png,RB,5.0,73,47,80,82,32,74,64,26,75,78,85,83,71,86,78,48,90,82,81,45,78,86,60,68,43,82,87,86,84,11,10,8,14,13,"Jockey +,Slide Tackle,Quick Step,Relentless"
alexis-mac-allister,2025-07-17,Alexis Mac Allister,Alexis Mac Allister,"Alexis Mac Allister (born 24 December 1998) is an Argentine footballer who plays as a center midfield for British club Liverpool, and the Argentina national team. In the game FC 25, his overall rating is 86.",https://cdn.sofifa.net/players/239/837/25_120.png,176,72,1998-12-24,"CM,CDM",CM,86,88,€84.5M,€150K,Right,3,3,4,Normal (170-185),Yes,€162.7M,Playmaker,9.0,Liverpool,13.0,Premier League,https://cdn.sofifa.net/meta/team/8/30.png,LDM,10.0,2023-06-14,2028,1369.0,Argentina,78.0,Friendly International,https://cdn.sofifa.net/meta/team/18644/30.png,LCM,20.0,79,79,65,87,77,84,83,82,86,86,71,67,82,85,86,88,73,87,69,82,83,79,80,86,86,86,78,80,74,7,10,14,15,10,"Press Proven +,Power Shot,Dead Ball,Pinged Pass,Block,Solid Player"
ruben-santos-gato-alves-dias,2025-07-17,Rúben Dias,Rúben dos Santos Gato Alves Dias,"Rúben Dias (Rúben dos Santos Gato Alves Dias, born 14 May 1997) is a Portuguese footballer who plays as a center back for British club Manchester City, and the Portugal national team. In the game FC 25, his overall rating is 86.",https://cdn.sofifa.net/players/239/818/25_120.png,187,82,1997-05-14,CB,CB,86,87,€68.5M,€195K,Right,4,2,4,Normal (185+),Yes,€131.9M,"Tackling,Tactician",10.0,Manchester City,13.0,Premier League,https://cdn.sofifa.net/meta/team/9/30.png,RCB,3.0,2020-09-29,2027,1354.0,Portugal,78.0,Friendly International,https://cdn.sofifa.net/meta/team/18701/30.png,RCB,3.0,54,29,85,83,32,64,46,48,81,75,58,62,62,86,56,74,86,78,89,26,88,86,39,64,45,86,87,87,85,7,8,13,7,12,"Bruiser +,Power Header,Team Player,Leadership"
gleison-bremer-silva-nascimento,2025-07-17,Bremer,Gleison Bremer Silva Nascimento,"Bremer (born 18 March 1997) is a Brazilian footballer who plays as a center back for Italian club Juventus. In the game FC 25, his overall rating is 86.",https://cdn.sofifa.net/players/239/580/25_120.png,187,84,1997-03-18,CB,CB,86,88,€72.5M,€175K,Right,2,2,4,Stocky (185+),Yes,€128.7M,Strength,45.0,Juventus,31.0,Serie A,https://cdn.sofifa.net/meta/team/625/30.png,SUB,3.0,2022-07-20,2029,,,,,,,,46,49,87,75,38,62,42,24,69,68,78,86,65,79,67,68,94,75,89,39,84,84,58,45,43,78,87,87,84,13,15,13,5,6,"Power Header,Long Ball Pass,Block,Intercept,Bruiser,Aerial"
phil-foden,2025-07-17,Philip Walter Foden,Philip Walter Foden,"Phil Foden (Philip Walter Foden, born 28 May 2000) is a British footballer who plays as a right winger for British club Manchester City, and the England national team. In the game FC 25, his overall rating is 86.",https://cdn.sofifa.net/players/237/692/25_120.png,171,70,2000-05-28,"RW,CM,LW",CAM,86,88,€88M,€190K,Left,3,4,4,Unique,Yes,€169.4M,"Dribbler,Acrobat",10.0,Manchester City,13.0,Premier League,https://cdn.sofifa.net/meta/team/9/30.png,SUB,47.0,2016-12-06,2027,1318.0,England,78.0,Friendly International,https://cdn.sofifa.net/meta/team/18645/30.png,RW,7.0,80,84,47,84,59,89,88,74,82,89,86,82,92,84,92,89,65,83,53,83,64,59,83,84,64,86,60,59,47,8,15,6,10,13,"Technical,Flair,First Touch"
achraf-hakimi,2025-07-17,Achraf Hakimi Mouh,Achraf Hakimi Mouhأشرف حكيمي,"Achraf Hakimi (Achraf Hakimi Mouh, born 4 November 1998) is a Moroccan footballer who plays as a right back for French club Paris Saint-Germain, and the Morocco national team. In the game FC 25, his overall rating is 86.",https://cdn.sofifa.net/players/235/212/25_120.png,181,73,1998-11-04,RB,RB,86,88,€78.5M,€125K,Right,4,4,4,Lean (170-185),Yes,€151.1M,Speedster,73.0,Paris Saint-Germain,16.0,Ligue 1,https://cdn.sofifa.net/meta/team/591/30.png,RB,2.0,2021-07-06,2029,111111.0,Morocco,78.0,Friendly International,https://cdn.sofifa.net/meta/team/18551/30.png,RB,2.0,85,75,69,83,74,80,77,80,73,83,89,94,81,86,77,82,82,94,72,75,77,80,80,78,67,84,77,79,76,10,8,14,6,8,"Relentless +,Whipped Cross,Jockey,Anticipate,Press Proven,Quick Step,Solid Player,Leadership"
gregor-kobel,2025-07-17,Gregor Kobel,Gregor Kobel,"Gregor Kobel (born 6 December 1997) is a Swiss footballer who plays as a goalkeeper for German club Borussia Dortmund. In the game FC 25, his overall rating is 86.",https://cdn.sofifa.net/players/235/073/25_120.png,195,88,1997-12-06,GK,GK,86,89,€68.5M,€52K,Right,3,1,4,Normal (185+),Yes,€121.6M,,22.0,Borussia Dortmund,19.0,Bundesliga,https://cdn.sofifa.net/meta/team/68/30.png,GK,1.0,2021-07-01,2028,,,,,,,,13,10,13,39,10,24,13,12,33,34,38,52,37,84,29,48,71,30,81,10,24,14,10,59,12,66,15,15,15,87,83,64,86,87,"1v1 Close Down +,Far Throw,Deflector,Leadership"
alexander-isak,2025-07-17,Alexander Isak,Alexander Isak,"Alexander Isak (born 21 September 1999) is a Swedish footballer who plays as a striker for British club Newcastle United, and the Sweden national team. In the game FC 25, his overall rating is 86.",https://cdn.sofifa.net/players/233/731/25_120.png,192,77,1999-09-21,ST,ST,86,88,€89.5M,€170K,Right,4,4,4,Lean (185+),Yes,€176.8M,,13.0,Newcastle United,13.0,Premier League,https://cdn.sofifa.net/meta/team/20/30.png,ST,14.0,2022-08-26,2028,1363.0,Sweden,78.0,Friendly International,https://cdn.sofifa.net/meta/team/18564/30.png,RS,9.0,68,88,81,78,80,88,75,65,60,87,85,87,81,86,70,87,90,80,78,78,58,38,89,80,83,87,35,34,29,7,6,9,7,11,"Finesse Shot,Rapid,Flair,First Touch"
theo-hernandez,2025-07-17,Theo Bernard François Hernández,Theo Bernard François Hernández,"Theo Hernández (Theo Bernard François Hernández, born 6 October 1997) is a French footballer who plays as a left back for Italian club AC Milan, and the France national team. In the game FC 25, his overall rating is 86.",https://cdn.sofifa.net/players/232/656/25_120.png,184,81,1997-10-06,LB,LB,86,87,€73M,€195K,Left,3,4,4,Unique,Yes,€129.6M,Speedster,47.0,AC Milan,31.0,Serie A,https://cdn.sofifa.net/meta/team/113/30.png,LB,19.0,2019-07-06,2026,1335.0,France,78.0,Friendly International,https://cdn.sofifa.net/meta/team/18647/30.png,LB,22.0,84,71,76,81,80,83,80,74,70,85,93,93,83,83,81,86,93,89,85,74,83,79,80,75,74,80,76,84,78,12,10,7,7,7,"Dead Ball,Block,Anticipate,Bruiser,Rapid,Quick Step,Leadership"
trent-alexander-arnold,2025-07-17,Trent John Alexander-Arnold,Trent John Alexander-Arnold,"Trent Alexander-Arnold (Trent John Alexander-Arnold, born 7 October 1998) is a British footballer who plays as a right back for British club Liverpool, and the England national team. In the game FC 25, his overall rating is 86.",https://cdn.sofifa.net/players/231/281/25_120.png,180,69,1998-10-07,RB,CM,86,87,€74M,€140K,Right,4,3,4,Unique,Yes,€142.5M,Crosser,9.0,Liverpool,13.0,Premier League,https://cdn.sofifa.net/meta/team/8/30.png,RB,66.0,2015-10-07,2025,1318.0,England,78.0,Friendly International,https://cdn.sofifa.net/meta/team/18645/30.png,RES,26.0,93,64,69,89,71,79,91,85,92,85,73,79,73,85,72,85,75,89,68,76,70,84,79,89,66,82,78,82,78,14,15,14,6,7,"Whipped Cross +,Dead Ball,Incisive Pass,Pinged Pass,Long Ball Pass,Relentless,Trivela"
frenkie-de-jong,2025-07-17,Frenkie de Jong,Frenkie de Jong,"Frenkie de Jong (born 12 May 1997) is a Dutch footballer who plays as a center midfield for Spanish club FC Barcelona, and the Netherlands national team. In the game FC 25, his overall rating is 86.",https://cdn.sofifa.net/players/228/702/25_120.png,181,74,1997-05-12,"CM,CDM",CM,86,86,€72M,€185K,Right,3,4,4,Unique,Yes,€147.6M,"Dribbler,Playmaker,Acrobat,Complete midfielder",241.0,FC Barcelona,53.0,La Liga,https://cdn.sofifa.net/meta/team/83/30.png,RDM,21.0,2019-07-01,2026,105035.0,Netherlands,78.0,Friendly International,https://cdn.sofifa.net/meta/team/18694/30.png,LDM,21.0,78,72,72,90,70,86,84,64,87,88,80,83,87,87,79,68,82,87,73,66,74,82,77,88,53,90,76,75,76,7,13,10,10,9,"Tiki Taka +,Incisive Pass,Long Ball Pass,Flair,Press Proven,Trivela,Injury Prone"
david-raya-martin,2025-07-17,David Raya,David Raya Martín,"David Raya (David Raya Martín, born 15 September 1995) is a Spanish footballer who plays as a goalkeeper for British club Arsenal, and the Spain national team. In the game FC 25, his overall rating is 86.",https://cdn.sofifa.net/players/220/901/25_120.png,183,75,1995-09-15,GK,GK,86,87,€54M,€125K,Right,3,1,3,Normal (170-185),Yes,€104M,,1.0,Arsenal,13.0,Premier League,https://cdn.sofifa.net/meta/team/19/30.png,GK,22.0,2024-07-04,2028,1362.0,Spain,78.0,Friendly International,https://cdn.sofifa.net/meta/team/18710/30.png,SUB,1.0,12,19,20,62,20,19,18,15,67,43,64,59,68,84,45,65,64,31,38,14,29,11,15,68,26,68,28,14,13,85,83,87,84,87,"Cross Claimer,Solid Player"
serhou-guirassy,2025-07-17,Serhou Yadaly Guirassy,Serhou Yadaly Guirassy,"Serhou Guirassy (Serhou Yadaly Guirassy, born 12 March 1996) is a Guinean footballer who plays as a striker for German club Borussia Dortmund. In the game FC 25, his overall rating is 86.",https://cdn.sofifa.net/players/215/441/25_120.png,187,82,1996-03-12,ST,ST,86,86,€69.5M,€95K,Right,4,3,3,Normal (185+),Yes,€118.2M,Clinical finisher,22.0,Borussia Dortmund,19.0,Bundesliga,https://cdn.sofifa.net/meta/team/68/30.png,ST,9.0,2024-07-18,2028,,,,,,,,65,87,86,83,86,83,72,67,71,86,70,71,75,86,77,87,88,78,85,81,75,33,89,79,83,87,42,29,34,11,8,12,12,8,"Chip Shot +,Finesse Shot,First Touch,Trivela,Acrobatic,Aerial,Injury Prone"
bruno-miguel-borges-fernandes,2025-07-17,Bruno Fernandes,Bruno Miguel Borges Fernandes,"Bruno Fernandes (born 8 September 1994) is a Portuguese footballer who plays as a central attacking midfielder for British club Manchester United, and the Portugal national team. In the game FC 25, his overall rating is 86.",https://cdn.sofifa.net/players/212/198/25_120.png,179,69,1994-09-08,"CAM,CM,LW",CAM,86,86,€66.5M,€180K,Right,4,4,4,Unique,Yes,€126.4M,Playmaker,11.0,Manchester United,13.0,Premier League,https://cdn.sofifa.net/meta/team/14/30.png,RAM,8.0,2020-01-30,2027,1354.0,Portugal,78.0,Friendly International,https://cdn.sofifa.net/meta/team/18701/30.png,RCM,8.0,82,82,63,89,87,82,85,85,90,86,72,68,78,89,76,86,70,95,61,84,84,63,86,92,90,82,62,71,66,12,14,15,8,14,"Long Ball Pass +,Dead Ball,Incisive Pass,Pinged Pass,Tiki Taka,Flair,Relentless,Leadership"
paulo-dybala,2025-07-17,Paulo Bruno Exequiel Dybala,Paulo Bruno Exequiel Dybala,"Paulo Dybala (Paulo Bruno Exequiel Dybala, born 15 November 1993) is an Argentine footballer who plays as a central attacking midfielder for Italian club Roma, and the Argentina national team. In the game FC 25, his overall rating is 86.",https://cdn.sofifa.net/players/211/110/25_120.png,177,75,1993-11-15,"CAM,ST",CAM,86,86,€65.5M,€74K,Left,3,5,4,Unique,Yes,€111.4M,"Dribbler,FK Specialist,Acrobat",52.0,Roma,31.0,Serie A,https://cdn.sofifa.net/meta/team/37/30.png,SUB,21.0,2022-07-20,2026,1369.0,Argentina,78.0,Friendly International,https://cdn.sofifa.net/meta/team/18644/30.png,SUB,21.0,83,84,65,84,92,87,89,87,79,89,84,76,88,84,90,84,77,74,67,86,48,42,83,88,88,87,32,42,39,5,4,4,5,8,"Finesse Shot,Dead Ball,Incisive Pass,Technical,Flair,First Touch,Trivela,Injury Prone"
ederson-santana-de-moraes,2025-07-17,Ederson,Ederson Santana de Moraes,"Ederson (born 17 August 1993) is a Brazilian footballer who plays as a goalkeeper for British club Manchester City. In the game FC 25, his overall rating is 86.",https://cdn.sofifa.net/players/210/257/25_120.png,188,86,1993-08-17,GK,GK,86,86,€45M,€130K,Left,3,1,4,Unique,Yes,€83.3M,,10.0,Manchester City,13.0,Premier League,https://cdn.sofifa.net/meta/team/9/30.png,GK,31.0,2017-07-01,2026,,,,,,,,20,14,14,65,18,30,39,20,68,45,64,63,60,84,48,68,79,44,78,18,38,27,20,70,65,70,29,15,8,85,82,91,84,85,"Long Ball Pass +,Pinged Pass,Cross Claimer"
hakan-calhanoglu,2025-07-17,Hakan Çalhanoğlu,Hakan Çalhanoğlu,"Hakan Çalhanoğlu (born 8 February 1994) is a Turkish footballer who plays as a central defensive midfielder for Italian club Inter. In the game FC 25, his overall rating is 86.",https://cdn.sofifa.net/players/208/128/25_120.png,178,69,1994-02-08,"CDM,CM",CDM,86,86,€57M,€145K,Right,5,4,4,Normal (170-185),Yes,€94.1M,"Playmaker,Distance shooter,Complete midfielder",44.0,Inter,31.0,Serie A,https://cdn.sofifa.net/meta/team/2930/30.png,CDM,20.0,2024-07-01,2027,,,,,,,,78,75,65,90,78,78,88,85,89,87,74,68,83,87,80,87,76,81,72,87,83,82,73,89,90,85,81,83,80,9,14,11,6,10,"Incisive Pass +,Dead Ball,Technical,First Touch,Relentless"
daniel-carvajal-ramos,2025-07-17,Carvajal,Daniel Carvajal Ramos,"Carvajal (born 11 January 1992) is a Spanish footballer who plays as a right back for Spanish club Real Madrid, and the Spain national team. In the game FC 25, his overall rating is 86.",https://cdn.sofifa.net/players/204/963/25_120.png,173,73,1992-01-11,RB,RB,86,86,€47M,€260K,Right,3,3,4,Unique,Yes,€96.4M,,243.0,Real Madrid,53.0,La Liga,https://cdn.sofifa.net/meta/team/3468/30.png,RES,2.0,2013-07-05,2026,1362.0,Spain,78.0,Friendly International,https://cdn.sofifa.net/meta/team/18710/30.png,RES,27.0,85,56,76,84,53,78,77,47,74,85,82,81,78,85,84,68,85,84,74,52,85,81,75,78,45,83,80,84,83,13,13,15,9,15,"Whipped Cross,Block,Team Player"
emiliano-martinez,2025-07-17,Damián Emiliano Martínez Romero,Damián Emiliano Martínez Romero,"Emiliano Martínez (Damián Emiliano Martínez Romero, born 2 September 1992) is an Argentine footballer who plays as a goalkeeper for British club Aston Villa, and the Argentina national team. In the game FC 25, his overall rating is 86.",https://cdn.sofifa.net/players/202/811/25_120.png,195,88,1992-09-02,GK,GK,86,86,€36M,€115K,Right,4,1,4,Stocky (185+),Yes,€68.4M,,2.0,Aston Villa,13.0,Premier League,https://cdn.sofifa.net/meta/team/15/30.png,GK,23.0,2020-09-16,2029,1369.0,Argentina,78.0,Friendly International,https://cdn.sofifa.net/meta/team/18644/30.png,GK,23.0,22,16,26,61,13,24,22,20,59,43,55,57,54,83,49,63,79,40,78,16,40,21,12,67,43,69,25,20,20,84,82,84,85,87,"Footwork,1v1 Close Down,Leadership"
heung-min-son,2025-07-17,Heung-Min Son,Heung-Min Son손흥민 孙兴慜,"Heung Min Son (孙兴慜, Heung-Min Son, born 8 July 1992) is a Korean footballer who plays as a left winger for British club Tottenham Hotspur. In the game FC 25, his overall rating is 86.",https://cdn.sofifa.net/players/200/104/25_120.png,183,78,1992-07-08,"LW,ST",LW,86,86,€56.5M,€185K,Right,5,4,4,Unique,Yes,€107.4M,,18.0,Tottenham Hotspur,13.0,Premier League,https://cdn.sofifa.net/meta/team/6/30.png,SUB,7.0,2015-08-28,2026,,,,,,,,82,85,72,83,83,86,87,74,72,86,86,84,81,86,74,89,82,88,69,81,62,39,85,83,75,88,45,34,33,11,13,13,6,10,"Finesse Shot,Whipped Cross,First Touch,Team Player,Leadership"
granit-xhaka,2025-07-17,Granit Xhaka,Granit Xhaka,"Granit Xhaka (born 27 September 1992) is a Swiss footballer who plays as a central defensive midfielder for German club Bayer 04 Leverkusen. In the game FC 25, his overall rating is 86.",https://cdn.sofifa.net/players/199/503/25_120.png,186,80,1992-09-27,"CDM,CM",CDM,86,86,€47.5M,€130K,Left,3,3,4,Normal (185+),Yes,€78.4M,Distance shooter,32.0,Bayer 04 Leverkusen,19.0,Bundesliga,https://cdn.sofifa.net/meta/team/3321/30.png,RCM,34.0,2023-07-06,2028,,,,,,,,77,67,68,89,55,73,80,78,90,83,48,52,51,86,61,90,70,84,78,84,91,79,76,85,65,84,82,79,78,7,8,11,7,13,"Long Ball Pass +,Finesse Shot,Power Shot,Incisive Pass,Bruiser,Leadership"
karim-benzema,2025-07-17,Karim Benzema,Karim Benzemaكريم بن زيما,"Karim Benzema (born 19 December 1987) is a French footballer who plays as a striker for Saudi Arabian club Al Ittihad. In the game FC 25, his overall rating is 86.",https://cdn.sofifa.net/players/165/153/25_120.png,185,81,1987-12-19,ST,ST,86,86,€23M,€70K,Right,4,4,4,Normal (170-185),Yes,€39.1M,Clinical finisher,607.0,Al Ittihad,350.0,Pro League,https://cdn.sofifa.net/meta/team/476/30.png,ST,9.0,2023-07-01,2026,,,,,,,,75,87,87,86,87,84,82,73,76,87,76,77,77,84,72,87,84,80,81,81,63,39,88,86,68,84,43,24,18,13,11,5,5,7,"Finesse Shot,Incisive Pass,First Touch,Relentless,Trivela"
giorgi-mamardashvili,2025-07-17,Giorgi Mamardashvili,Giorgi Mamardashviliგიორგი მამარდაშვილი,"Giorgi Mamardashvili (born 29 September 2000) is a footballer from Georgia (country)‎ who plays as a goalkeeper for Spanish club Valencia CF, on loan from Liverpool. In the game FC 25, his overall rating is 85.",https://cdn.sofifa.net/players/262/621/25_120.png,199,88,2000-09-29,GK,GK,85,88,€57.5M,€68K,Left,3,1,3,Normal (185+),Yes,,,461.0,Valencia CF,53.0,La Liga,https://cdn.sofifa.net/meta/team/214/30.png,GK,25.0,,"Jun 30, 2025",,,,,,,,13,9,14,20,7,11,11,10,20,22,48,48,40,74,26,54,71,45,74,7,25,8,8,34,11,26,5,12,10,86,83,72,85,85,"Far Throw,Cross Claimer"
nicholas-williams-arthuer,2025-07-17,Nico Williams,Nicholas Williams Arthuer,"Nico Williams (born 12 July 2002) is a Spanish footballer who plays as a left midfield for Spanish club Athletic Club, and the Spain national team. In the game FC 25, his overall rating is 85.",https://cdn.sofifa.net/players/256/516/25_120.png,181,67,2002-07-12,"LM,RM",RM,85,89,€78.5M,€44K,Right,5,4,3,Lean (170-185),Yes,€170.7M,"Speedster,Dribbler,Acrobat",448.0,Athletic Club,53.0,La Liga,https://cdn.sofifa.net/meta/team/13258/30.png,LM,10.0,2020-07-01,2027,1362.0,Spain,78.0,Friendly International,https://cdn.sofifa.net/meta/team/18710/30.png,LW,17.0,83,76,65,81,64,88,81,72,64,85,94,92,92,80,84,78,78,81,60,72,55,40,78,80,62,78,36,28,25,9,13,12,12,14,"Rapid +,Finesse Shot,Flair,Quick Step,Relentless,Trivela"
moises-caicedo,2025-07-17,Moisés Isaac Caicedo Corozo,Moisés Isaac Caicedo Corozo,"Moisés Caicedo (Moisés Isaac Caicedo Corozo, born 2 November 2001) is an Ecuadorian footballer who plays as a central defensive midfielder for British club Chelsea. In the game FC 25, his overall rating is 85.",https://cdn.sofifa.net/players/256/079/25_120.png,178,73,2001-11-02,CDM,CDM,85,88,€68M,€145K,Right,3,3,3,Normal (170-185),Yes,€134.3M,,5.0,Chelsea,13.0,Premier League,https://cdn.sofifa.net/meta/team/18/30.png,RDM,25.0,2023-08-14,2031,,,,,,,,62,57,65,85,57,78,70,55,82,83,78,73,80,84,81,72,80,87,77,72,87,85,63,79,55,82,85,88,84,15,6,13,9,13,"Pinged Pass,Tiki Taka,Intercept,Anticipate,Slide Tackle,Press Proven,Relentless,Solid Player,Team Player"
vitor-machado-ferreira,2025-07-17,Vitinha,Vítor Machado Ferreira,"Vitinha (born 13 February 2000) is a Portuguese footballer who plays as a center midfield for French club Paris Saint-Germain, and the Portugal national team. In the game FC 25, his overall rating is 85.",https://cdn.sofifa.net/players/255/253/25_120.png,172,64,2000-02-13,"CM,CDM",CAM,85,89,€77M,€110K,Right,3,4,3,Lean (170-185),Yes,€148.2M,"Dribbler,Acrobat",73.0,Paris Saint-Germain,16.0,Ligue 1,https://cdn.sofifa.net/meta/team/591/30.png,CM,17.0,2022-06-30,2029,1354.0,Portugal,78.0,Friendly International,https://cdn.sofifa.net/meta/team/18701/30.png,CDM,23.0,78,77,52,88,62,87,81,68,85,87,75,69,91,85,88,76,66,81,59,83,77,80,77,85,88,88,74,77,68,12,13,8,5,5,"Tiki Taka +,Finesse Shot,Intercept,Technical,Relentless"
ronald-araujo,2025-07-17,Ronald Federico Araújo da Silva,Ronald Federico Araújo da Silva,"Ronald Araujo (Ronald Federico Araújo da Silva, born 7 March 1999) is a Uruguayan footballer who plays as a center back for Spanish club FC Barcelona. In the game FC 25, his overall rating is 85.",https://cdn.sofifa.net/players/253/163/25_120.png,188,79,1999-03-07,"CB,RB",CB,85,90,€71.5M,€155K,Right,3,2,4,Normal (185+),Yes,€151.9M,,241.0,FC Barcelona,53.0,La Liga,https://cdn.sofifa.net/meta/team/83/30.png,SUB,4.0,2018-08-29,2031,,,,,,,,58,56,85,75,38,55,47,45,66,68,76,86,56,84,55,68,92,72,87,35,87,85,56,59,43,76,84,85,85,11,14,9,11,8,"Block +,Power Header,Jockey,Anticipate,Slide Tackle,Acrobatic,Injury Prone"
bruno-guimaraes-moura,2025-07-17,Bruno Guimarães,Bruno Guimarães Rodrigues Moura,"Bruno Guimarães (Bruno Guimarães Rodrigues Moura, born 16 November 1997) is a Brazilian footballer who plays as a central defensive midfielder for British club Newcastle United. In the game FC 25, his overall rating is 85.",https://cdn.sofifa.net/players/247/851/25_120.png,182,74,1997-11-16,"CDM,CM",CM,85,86,€56.5M,€155K,Right,2,3,3,Lean (170-185),Yes,€111.6M,,13.0,Newcastle United,13.0,Premier League,https://cdn.sofifa.net/meta/team/20/30.png,RCM,39.0,2022-01-31,2028,,,,,,,,75,72,66,87,66,85,81,62,87,85,69,68,78,84,84,78,77,88,79,82,87,80,78,85,65,87,78,82,79,7,11,15,11,11,"Trivela +,Incisive Pass,Long Ball Pass,Flair,Press Proven,Relentless,Solid Player,Leadership"
michael-olise,2025-07-17,Michael Akpovie Olise,Michael Akpovie Olise,"Michael Olise (Michael Akpovie Olise, born 12 December 2001) is a French footballer who plays as a right midfield for German club FC Bayern München, and the France national team. In the game FC 25, his overall rating is 85.",https://cdn.sofifa.net/players/247/827/25_120.png,184,73,2001-12-12,"RM,RW",CAM,85,88,€75M,€85K,Left,2,4,3,Lean (170-185),Yes,€129.4M,"Dribbler,Acrobat",21.0,FC Bayern München,19.0,Bundesliga,https://cdn.sofifa.net/meta/team/503/30.png,RM,17.0,2024-07-07,2029,1335.0,France,78.0,Friendly International,https://cdn.sofifa.net/meta/team/18647/30.png,CAM,11.0,79,81,36,86,71,87,82,81,79,85,83,74,89,84,85,78,60,75,54,80,67,55,84,87,72,84,52,58,53,9,11,9,10,10,"Finesse Shot,Whipped Cross,Technical,Flair,Trivela"
nico-schlotterbeck,2025-07-17,Nico Cedric Schlotterbeck,Nico Cedric Schlotterbeck,"Nico Schlotterbeck (Nico Cedric Schlotterbeck, born 1 December 1999) is a German footballer who plays as a center back for German club Borussia Dortmund, and the Germany national team. In the game FC 25, his overall rating is 85.",https://cdn.sofifa.net/players/247/819/25_120.png,191,86,1999-12-01,CB,CB,85,88,€66M,€65K,Left,2,2,3,Normal (185+),Yes,€117.2M,Tackling,22.0,Borussia Dortmund,19.0,Bundesliga,https://cdn.sofifa.net/meta/team/68/30.png,SUB,4.0,2022-07-01,2027,1337.0,Germany,78.0,Friendly International,https://cdn.sofifa.net/meta/team/18660/30.png,LCB,15.0,68,51,85,78,56,74,62,41,86,71,78,76,68,84,64,75,91,74,84,66,83,83,58,72,38,78,85,87,86,8,10,8,14,13,"Slide Tackle +,Long Ball Pass,Jockey,Block,Anticipate,Long Throw,Aerial"
khvicha-kvaratskhelia,2025-07-17,Khvicha Kvaratskhelia,Khvicha Kvaratskheliaხვიჩა კვარაცხელია,"Khvicha Kvaratskhelia (born 12 February 2001) is a footballer from Georgia (country)‎ who plays as a left winger for French club Paris Saint-Germain. In the game FC 25, his overall rating is 85.",https://cdn.sofifa.net/players/247/635/25_120.png,183,70,2001-02-12,"LW,LM",CAM,85,89,€77.5M,€120K,Right,5,5,3,Normal (170-185),Yes,€149.2M,"Dribbler,Acrobat",73.0,Paris Saint-Germain,16.0,Ligue 1,https://cdn.sofifa.net/meta/team/591/30.png,LW,7.0,2025-01-17,2029,,,,,,,,78,80,62,83,64,88,86,74,76,87,85,86,86,84,78,78,79,77,72,83,73,40,84,83,70,84,38,39,34,9,15,8,14,8,"Finesse Shot,Incisive Pass,Technical,Flair,Trickster,Trivela"
daniel-olmo-carvajal,2025-07-17,Dani Olmo,Daniel Olmo Carvajal,"Dani Olmo (born 7 May 1998) is a Spanish footballer who plays as a central attacking midfielder for Spanish club FC Barcelona, and the Spain national team. In the game FC 25, his overall rating is 85.",https://cdn.sofifa.net/players/244/260/25_120.png,179,72,1998-05-07,"CAM,CM",CAM,85,86,€63.5M,€175K,Right,4,4,3,Lean (170-185),Yes,€134.9M,"Dribbler,Playmaker,Acrobat,Complete midfielder",241.0,FC Barcelona,53.0,La Liga,https://cdn.sofifa.net/meta/team/83/30.png,CAM,20.0,2024-07-01,2030,1362.0,Spain,78.0,Friendly International,https://cdn.sofifa.net/meta/team/18710/30.png,SUB,10.0,78,80,43,87,80,87,75,75,81,87,78,70,86,86,87,79,60,66,54,80,51,57,83,86,66,82,50,50,44,15,15,13,12,11,"Finesse Shot,Incisive Pass,Tiki Taka,Technical,Flair,First Touch,Trivela,Injury Prone"
rafael-da-conceicao-leao,2025-07-17,Rafael Leão,Rafael Alexandre da Conceição Leão,"Rafael Leão (Rafael Alexandre da Conceição Leão, born 10 June 1999) is a Portuguese footballer who plays as a left winger for Italian club AC Milan, and the Portugal national team. In the game FC 25, his overall rating is 85.",https://cdn.sofifa.net/players/241/721/25_120.png,188,81,1999-06-10,"LW,LM",RM,85,88,€71.5M,€195K,Right,4,5,3,Normal (185+),Yes,€126.9M,"Speedster,Dribbler",47.0,AC Milan,31.0,Serie A,https://cdn.sofifa.net/meta/team/113/30.png,LM,10.0,2019-08-01,2028,1354.0,Portugal,78.0,Friendly International,https://cdn.sofifa.net/meta/team/18701/30.png,LW,17.0,84,83,72,83,74,87,79,60,70,86,93,93,84,83,84,80,90,75,83,74,60,24,76,81,63,83,22,24,21,10,12,15,11,9,"Incisive Pass,Rapid,Flair,Trickster,Quick Step"
sandro-tonali,2025-07-17,Sandro Tonali,Sandro Tonali,"Sandro Tonali (born 8 May 2000) is an Italian footballer who plays as a central defensive midfielder for British club Newcastle United, and the Italy national team. In the game FC 25, his overall rating is 85.",https://cdn.sofifa.net/players/241/096/25_120.png,181,79,2000-05-08,"CDM,CM",CDM,85,87,€63M,€135K,Right,4,3,3,Unique,Yes,€124.4M,,13.0,Newcastle United,13.0,Premier League,https://cdn.sofifa.net/meta/team/20/30.png,CDM,8.0,2023-07-03,2028,1343.0,Italy,78.0,Friendly International,https://cdn.sofifa.net/meta/team/18658/30.png,LCM,8.0,78,69,70,85,68,78,75,81,83,85,81,86,81,83,83,85,84,83,82,83,84,84,76,79,64,84,83,84,81,13,9,8,7,7,"Slide Tackle,Relentless"
luis-diaz,2025-07-17,Luis Fernando Díaz Marulanda,Luis Fernando Díaz Marulanda,"Luis Díaz (Luis Fernando Díaz Marulanda, born 13 January 1997) is a Colombian footballer who plays as a left midfield for British club Liverpool. In the game FC 25, his overall rating is 85.",https://cdn.sofifa.net/players/241/084/25_120.png,180,73,1997-01-13,"LM,LW,ST",LM,85,85,€57.5M,€140K,Right,4,4,3,Unique,Yes,€106.4M,"Speedster,Dribbler,Acrobat",9.0,Liverpool,13.0,Premier League,https://cdn.sofifa.net/meta/team/8/30.png,ST,7.0,2022-01-31,2027,,,,,,,,76,83,71,77,81,89,77,58,72,87,91,90,88,83,79,85,84,87,69,81,75,38,84,78,63,82,41,47,38,10,13,13,14,14,"Technical,Flair,Quick Step"
eder-gabriel-militao,2025-07-17,Éder Militão,Éder Gabriel Militão,"Éder Militão (born 18 January 1998) is a Brazilian footballer who plays as a center back for Spanish club Real Madrid. In the game FC 25, his overall rating is 85.",https://cdn.sofifa.net/players/240/130/25_120.png,186,79,1998-01-18,CB,CB,85,88,€62.5M,€230K,Right,3,2,4,Unique,Yes,€132.8M,Tackling,243.0,Real Madrid,53.0,La Liga,https://cdn.sofifa.net/meta/team/3468/30.png,SUB,3.0,2019-07-01,2028,,,,,,,,69,48,86,78,34,70,60,40,76,72,81,88,70,84,62,62,91,85,79,42,83,85,64,59,60,76,85,86,85,11,8,15,12,15,"Power Header,Long Ball Pass,Block,Intercept,Aerial,Injury Prone"
ibrahima-konate,2025-07-17,Ibrahima Konaté,Ibrahima Konaté,"Ibrahima Konaté (born 25 May 1999) is a French footballer who plays as a center back for British club Liverpool, and the France national team. In the game FC 25, his overall rating is 85.",https://cdn.sofifa.net/players/237/678/25_120.png,194,95,1999-05-25,CB,CB,85,87,€60M,€130K,Right,3,3,3,Normal (185+),Yes,€115.5M,"Aerial threat,Tackling,Strength",9.0,Liverpool,13.0,Premier League,https://cdn.sofifa.net/meta/team/8/30.png,RCB,5.0,2021-07-01,2026,1335.0,France,78.0,Friendly International,https://cdn.sofifa.net/meta/team/18647/30.png,SUB,15.0,38,29,84,78,28,67,50,27,76,74,70,82,55,85,44,45,83,74,90,31,87,83,44,63,41,78,86,86,86,9,7,9,9,15,"Bruiser +,Aerial,Injury Prone"
unai-simon-mendibil,2025-07-17,Unai Simón,Unai Simón Mendibil,"Unai Simón (born 11 June 1997) is a Spanish footballer who plays as a goalkeeper for Spanish club Athletic Club, and the Spain national team. In the game FC 25, his overall rating is 85.",https://cdn.sofifa.net/players/230/869/25_120.png,190,89,1997-06-11,GK,GK,85,86,€46M,€36K,Right,3,1,3,Normal (185+),Yes,€100.1M,,448.0,Athletic Club,53.0,La Liga,https://cdn.sofifa.net/meta/team/13258/30.png,GK,1.0,2015-08-25,2029,1362.0,Spain,78.0,Friendly International,https://cdn.sofifa.net/meta/team/18710/30.png,GK,23.0,16,14,18,38,17,12,20,14,34,16,48,50,37,82,47,57,74,44,76,13,29,26,14,48,24,40,11,18,12,84,80,76,84,85,"Pinged Pass,Long Ball Pass,Footwork,1v1 Close Down,Team Player"
dayot-upamecano,2025-07-17,Dayotchanculle Oswald Upamecano,Dayotchanculle Oswald Upamecano,"Dayot Upamecano (Dayotchanculle Oswald Upamecano, born 27 October 1998) is a French footballer who plays as a center back for German club FC Bayern München, and the France national team. In the game FC 25, his overall rating is 85.",https://cdn.sofifa.net/players/229/558/25_120.png,186,90,1998-10-27,CB,CB,85,88,€63.5M,€90K,Right,3,3,3,Stocky (185+),Yes,€109.5M,"Tactician,Strength",21.0,FC Bayern München,19.0,Bundesliga,https://cdn.sofifa.net/meta/team/503/30.png,SUB,2.0,2021-07-05,2026,1335.0,France,78.0,Friendly International,https://cdn.sofifa.net/meta/team/18647/30.png,RCB,4.0,48,39,83,79,33,72,36,28,78,76,76,82,66,84,65,64,85,77,87,42,88,86,47,58,39,74,84,84,82,6,7,8,15,9,"Pinged Pass,Jockey,Bruiser"
federico-dimarco,2025-07-17,Federico Dimarco,Federico Dimarco,"Federico Dimarco (born 10 November 1997) is an Italian footballer who plays as a left back for Italian club Inter. In the game FC 25, his overall rating is 85.",https://cdn.sofifa.net/players/226/268/25_120.png,175,76,1997-11-10,"LB,LM",LB,85,86,€58M,€125K,Left,4,3,3,Normal (170-185),Yes,€100.1M,Crosser,44.0,Inter,31.0,Serie A,https://cdn.sofifa.net/meta/team/2930/30.png,LB,32.0,2018-07-05,2027,,,,,,,,87,74,67,84,82,81,88,83,83,86,83,78,84,83,84,81,83,85,78,84,81,80,83,80,71,78,80,81,80,9,8,12,7,7,"Finesse Shot,Power Shot,Dead Ball,Long Ball Pass,Whipped Cross,First Touch"
sergej-milinkovic-savic,2025-07-17,Sergej Milinković-Savić,Sergej Milinković-SavićСергеј Милинковић-Савић,"Sergej Milinković-Savić (born 27 February 1995) is a Serbian footballer who plays as a center midfield for Saudi Arabian club Al Hilal. In the game FC 25, his overall rating is 85.",https://cdn.sofifa.net/players/223/848/25_120.png,192,95,1995-02-27,"CM,CDM",CM,85,85,€52.5M,€77K,Right,5,4,3,Normal (185+),Yes,€84M,Strength,605.0,Al Hilal,350.0,Pro League,https://cdn.sofifa.net/meta/team/7011/30.png,RCM,22.0,2023-07-12,2026,,,,,,,,71,81,86,82,74,85,81,83,86,87,62,66,60,80,67,82,88,92,90,80,79,76,83,84,64,84,77,77,80,7,10,7,16,7,"Power Header,Incisive Pass,Pinged Pass,Long Ball Pass,First Touch,Trivela,Aerial"
bernardo-mota-carvalho-e-silva,2025-07-17,Bernardo Silva,Bernardo Mota Veiga de Carvalho e Silva,"Bernardo Silva (Bernardo Mota Veiga de Carvalho e Silva, born 10 August 1994) is a Portuguese footballer who plays as a center midfield for British club Manchester City, and the Portugal national team. In the game FC 25, his overall rating is 85.",https://cdn.sofifa.net/players/218/667/25_120.png,173,65,1994-08-10,"CM,RM",CM,85,85,€52.5M,€195K,Left,3,4,3,Lean (170-185),Yes,€97.1M,"Dribbler,Acrobat",10.0,Manchester City,13.0,Premier League,https://cdn.sofifa.net/meta/team/9/30.png,SUB,20.0,2017-07-01,2026,1354.0,Portugal,78.0,Friendly International,https://cdn.sofifa.net/meta/team/18701/30.png,LCM,10.0,84,78,54,86,78,88,84,67,82,88,71,64,93,87,92,79,63,90,54,79,78,73,81,85,64,89,70,76,68,9,10,14,12,9,"Tiki Taka +,Whipped Cross,Technical,Flair,Relentless,Trivela,Solid Player,Team Player"
ngolo-kante,2025-07-17,N'Golo Kanté,N'Golo Kanté,"N'Golo Kanté (born 29 March 1991) is a French footballer who plays as a central defensive midfielder for Saudi Arabian club Al Ittihad, and the France national team. In the game FC 25, his overall rating is 85.",https://cdn.sofifa.net/players/215/914/25_120.png,168,70,1991-03-29,"CDM,CM",CDM,85,85,€26.5M,€74K,Right,3,2,3,Unique,Yes,€45.1M,"Tackling,Tactician",607.0,Al Ittihad,350.0,Pro League,https://cdn.sofifa.net/meta/team/476/30.png,RDM,7.0,2023-07-01,2026,1335.0,France,78.0,Friendly International,https://cdn.sofifa.net/meta/team/18647/30.png,SUB,13.0,68,64,54,80,56,78,49,49,79,80,79,74,78,85,93,71,73,82,72,65,85,88,72,75,54,82,88,90,86,15,12,10,7,10,"Intercept +,Long Ball Pass,Press Proven,Relentless,Team Player"
joao-pedro-cavaco-cancelo,2025-07-17,João Cancelo,João Pedro Cavaco Cancelo,"João Cancelo (born 27 May 1994) is a Portuguese footballer who plays as a right back for Saudi Arabian club Al Hilal. In the game FC 25, his overall rating is 85.",https://cdn.sofifa.net/players/210/514/25_120.png,182,74,1994-05-27,"RB,LB,RM",RB,85,85,€46.5M,€74K,Right,4,4,3,Unique,Yes,€74.4M,Crosser,605.0,Al Hilal,350.0,Pro League,https://cdn.sofifa.net/meta/team/7011/30.png,RB,20.0,2024-08-27,2027,,,,,,,,87,69,72,87,62,85,87,69,79,87,88,77,79,84,78,80,81,88,62,79,76,80,81,85,52,85,76,83,79,6,9,15,14,14,"Whipped Cross,Block,Technical,Flair,First Touch,Trivela"
alejandro-grimaldo-garcia,2025-07-17,Grimaldo,Alejandro Grimaldo García,"Grimaldo (born 20 September 1995) is a Spanish footballer who plays as a left midfield for German club Bayer 04 Leverkusen, and the Spain national team. In the game FC 25, his overall rating is 85.",https://cdn.sofifa.net/players/210/035/25_120.png,171,68,1995-09-20,"LM,LB",LM,85,85,€54.5M,€120K,Left,2,4,4,Normal (170-185),Yes,€89.9M,"Crosser,FK Specialist",32.0,Bayer 04 Leverkusen,19.0,Bundesliga,https://cdn.sofifa.net/meta/team/3321/30.png,LM,20.0,2023-07-01,2027,1362.0,Spain,78.0,Friendly International,https://cdn.sofifa.net/meta/team/18710/30.png,SUB,12.0,91,67,62,86,63,84,89,89,85,86,77,71,84,86,86,84,73,90,63,83,69,79,79,85,54,83,76,78,74,7,13,10,7,13,"Whipped Cross +,Finesse Shot,Dead Ball,First Touch"
riyad-mahrez,2025-07-17,Riyad Mahrez,Riyad Mahrezرياض محرز,"Riyad Mahrez (born 21 February 1991) is an Algerian footballer who plays as a right midfield for Saudi Arabian club Al Ahli SFC. In the game FC 25, his overall rating is 85.",https://cdn.sofifa.net/players/204/485/25_120.png,179,67,1991-02-21,"RM,RW",RM,85,85,€33.5M,€77K,Left,4,5,3,Unique,Yes,€53.6M,"Dribbler,Acrobat",112387.0,Al Ahli SFC,350.0,Pro League,https://cdn.sofifa.net/meta/team/9908/30.png,RM,7.0,2023-07-28,2027,,,,,,,,81,81,56,83,76,88,85,80,75,89,83,76,91,82,90,82,71,79,58,82,48,39,83,83,73,81,45,34,22,15,9,13,11,6,"Finesse Shot,Technical,Flair,First Touch"
david-de-gea-quintana,2025-07-17,De Gea,David de Gea Quintana,"De Gea (David de Gea Quintana, born 7 November 1990) is a Spanish footballer who plays as a goalkeeper for Italian club Fiorentina. In the game FC 25, his overall rating is 85.",https://cdn.sofifa.net/players/193/080/25_120.png,192,76,1990-11-07,GK,GK,85,85,€17.5M,€55K,Right,2,1,3,Unique,Yes,€29.8M,,110374.0,Fiorentina,31.0,Serie A,https://cdn.sofifa.net/meta/team/109/30.png,GK,43.0,2024-08-09,2025,,,,,,,,17,13,18,40,13,18,21,19,39,32,47,45,60,85,40,52,57,30,38,12,15,21,9,38,29,45,15,16,13,85,76,69,84,87,"Far Throw,Footwork,Solid Player"
wojciech-szczesny,2025-07-17,Wojciech Tomasz Szczęsny,Wojciech Tomasz Szczęsny,"Wojciech Szczęsny (Wojciech Tomasz Szczęsny, born 18 April 1990) is a Polish footballer who plays as a goalkeeper for Spanish club FC Barcelona. In the game FC 25, his overall rating is 85.",https://cdn.sofifa.net/players/186/153/25_120.png,196,90,1990-04-18,GK,GK,85,85,€9M,€110K,Right,3,1,3,Lean (185+),Yes,€18.5M,,241.0,FC Barcelona,53.0,La Liga,https://cdn.sofifa.net/meta/team/83/30.png,SUB,25.0,2024-10-02,2025,,,,,,,,12,12,16,51,14,11,16,14,66,22,49,46,55,80,51,56,69,45,65,14,40,15,14,48,18,65,20,13,12,82,83,75,84,85,"Long Ball Pass,Far Throw"
luka-modric,2025-07-17,Luka Modrić,Luka Modrić,"Luka Modrić (born 9 September 1985) is a Croatian footballer who plays as a center midfield for Spanish club Real Madrid, and the Croatia national team. In the game FC 25, his overall rating is 85.",https://cdn.sofifa.net/players/177/003/25_120.png,172,67,1985-09-09,"CM,CAM,CDM",CM,85,85,€17M,€185K,Right,4,4,4,Lean (170-185),Yes,€34.9M,"Playmaker,Crosser,Acrobat,Complete midfielder",243.0,Real Madrid,53.0,La Liga,https://cdn.sofifa.net/meta/team/3468/30.png,SUB,10.0,2012-08-01,2025,1328.0,Croatia,78.0,Friendly International,https://cdn.sofifa.net/meta/team/18588/30.png,LCM,10.0,86,70,55,89,76,84,85,78,89,90,75,69,91,83,92,79,67,72,58,81,60,78,76,89,83,91,70,72,72,13,9,7,14,9,"Trivela +,Incisive Pass,Long Ball Pass,Whipped Cross,Technical,Team Player"
c-ronaldo-dos-santos-aveiro,2025-07-17,Cristiano Ronaldo,Cristiano Ronaldo dos Santos Aveiro,"Cristiano Ronaldo (Cristiano Ronaldo dos Santos Aveiro, born 5 February 1985) is a Portuguese footballer who plays as a striker for Saudi Arabian club Al Nassr, and the Portugal national team. In the game FC 25, his overall rating is 85.",https://cdn.sofifa.net/players/020/801/25_120.png,187,85,1985-02-05,ST,ST,85,85,€18.5M,€58K,Right,4,5,4,Unique,Yes,€29.6M,"Distance shooter,Clinical finisher",112139.0,Al Nassr,350.0,Pro League,https://cdn.sofifa.net/meta/team/2506/30.png,LS,7.0,2023-01-01,2025,1354.0,Portugal,78.0,Friendly International,https://cdn.sofifa.net/meta/team/18701/30.png,ST,7.0,78,87,87,77,83,77,79,81,70,85,71,78,76,85,61,91,94,80,79,84,62,29,89,76,87,91,24,32,24,7,11,15,14,11,"Power Shot +,Power Header,Flair,Trickster,Trivela,Acrobatic,Aerial"
joao-pedro-goncalves-neves,2025-07-17,João Neves,João Pedro Gonçalves Neves,"João Neves (born 27 September 2004) is a Portuguese footballer who plays as a center midfield for French club Paris Saint-Germain, and the Portugal national team. In the game FC 25, his overall rating is 84.",https://cdn.sofifa.net/players/272/834/25_120.png,174,66,2004-09-27,"CM,CDM",CM,84,90,€63.5M,€80K,Right,4,3,1,Normal (170-185),Yes,€130.2M,,73.0,Paris Saint-Germain,16.0,Ligue 1,https://cdn.sofifa.net/meta/team/591/30.png,RCM,87.0,2024-08-05,2029,1354.0,Portugal,78.0,Friendly International,https://cdn.sofifa.net/meta/team/18701/30.png,SUB,15.0,67,69,72,86,66,83,72,53,85,86,80,74,84,84,86,73,82,90,73,68,84,82,78,84,60,85,78,82,72,8,7,5,13,13,"Press Proven +,Long Ball Pass,Tiki Taka,Relentless,Solid Player"
omar-marmoush,2025-07-17,Omar Khaled Mohamed Marmoush,Omar Khaled Mohamed Marmoush,"Omar Marmoush (Omar Khaled Mohamed Marmoush, born 7 February 1999) is an Egyptian footballer who plays as a striker for British club Manchester City. In the game FC 25, his overall rating is 84.",https://cdn.sofifa.net/players/256/675/25_120.png,183,81,1999-02-07,"ST,LW,CAM",CAM,84,85,€51M,€180K,Right,3,4,3,Normal (170-185),Yes,€98.2M,"Dribbler,Acrobat",10.0,Manchester City,13.0,Premier League,https://cdn.sofifa.net/meta/team/9/30.png,ST,7.0,2025-01-23,2029,,,,,,,,64,87,69,85,82,87,77,84,63,86,87,91,89,85,83,85,80,76,67,79,72,34,87,79,79,84,31,30,21,11,13,15,8,11,"Finesse Shot,Dead Ball,Technical"
jeremie-frimpong,2025-07-17,Jeremie Agyekum Frimpong,Jeremie Agyekum Frimpong,"Jeremie Frimpong (Jeremie Agyekum Frimpong, born 10 December 2000) is a Dutch footballer who plays as a right midfield for German club Bayer 04 Leverkusen, and the Netherlands national team. In the game FC 25, his overall rating is 84.",https://cdn.sofifa.net/players/253/149/25_120.png,172,65,2000-12-10,"RM,RB",RM,84,86,€54.5M,€95K,Right,3,3,3,Normal (170-185),Yes,€94M,"Speedster,Acrobat",32.0,Bayer 04 Leverkusen,19.0,Bundesliga,https://cdn.sofifa.net/meta/team/3321/30.png,RM,30.0,2021-01-27,2028,105035.0,Netherlands,78.0,Friendly International,https://cdn.sofifa.net/meta/team/18694/30.png,RW,12.0,82,66,52,78,51,85,77,47,64,84,96,91,89,84,90,62,72,85,56,53,77,78,83,74,43,76,78,78,77,12,7,8,13,14,"Slide Tackle,Rapid,Flair,Quick Step"
josko-gvardiol,2025-07-17,Joško Gvardiol,Joško Gvardiol,"Joško Gvardiol (born 23 January 2002) is a Croatian footballer who plays as a left back for British club Manchester City, and the Croatia national team. In the game FC 25, his overall rating is 84.",https://cdn.sofifa.net/players/251/517/25_120.png,185,80,2002-01-23,"LB,CB",CB,84,87,€54.5M,€140K,Left,5,3,3,Normal (185+),Yes,€104.9M,,10.0,Manchester City,13.0,Premier League,https://cdn.sofifa.net/meta/team/9/30.png,LCB,24.0,2023-08-05,2028,1328.0,Croatia,78.0,Friendly International,https://cdn.sofifa.net/meta/team/18588/30.png,LB,4.0,73,68,80,81,60,79,74,59,76,81,80,79,68,85,67,81,90,79,83,74,86,83,69,70,61,81,84,85,84,5,8,6,9,11,"Block +,Power Header,Pinged Pass,Jockey"
dejan-kulusevski,2025-07-17,Dejan Kulusevski,Dejan KulusevskiДејан Кулушевски,"Dejan Kulusevski (born 25 April 2000) is a Swedish footballer who plays as a central attacking midfielder for British club Tottenham Hotspur, and the Sweden national team. In the game FC 25, his overall rating is 84.",https://cdn.sofifa.net/players/247/394/25_120.png,186,80,2000-04-25,"CAM,CM,RW",CAM,84,87,€57.5M,€125K,Left,3,4,3,Normal (185+),Yes,€113.6M,,18.0,Tottenham Hotspur,13.0,Premier League,https://cdn.sofifa.net/meta/team/6/30.png,RCM,21.0,2023-07-01,2028,1363.0,Sweden,78.0,Friendly International,https://cdn.sofifa.net/meta/team/18564/30.png,CAM,21.0,83,80,52,85,80,88,85,68,78,85,76,74,79,86,72,76,76,92,82,81,74,65,83,86,65,85,62,66,58,14,5,10,10,5,"Finesse Shot,Whipped Cross,Flair,Press Proven,Relentless"
ryan-gravenberch,2025-07-17,Ryan Jiro Gravenberch,Ryan Jiro Gravenberch,"Ryan Gravenberch (Ryan Jiro Gravenberch, born 16 May 2002) is a Dutch footballer who plays as a central defensive midfielder for British club Liverpool, and the Netherlands national team. In the game FC 25, his overall rating is 84.",https://cdn.sofifa.net/players/246/104/25_120.png,190,77,2002-05-16,"CDM,CM",CM,84,87,€53.5M,€110K,Right,4,4,3,Lean (185+),Yes,€103M,Dribbler,9.0,Liverpool,13.0,Premier League,https://cdn.sofifa.net/meta/team/8/30.png,RDM,38.0,2023-09-01,2028,105035.0,Netherlands,78.0,Friendly International,https://cdn.sofifa.net/meta/team/18694/30.png,SUB,16.0,73,76,66,85,70,87,76,69,83,86,78,74,81,83,75,78,81,85,79,79,75,85,77,81,58,88,79,81,79,12,8,6,11,12,"Intercept,Flair,Press Proven"
xavi-simons,2025-07-17,Xavier Quentin Shay Simons,Xavier Quentin Shay Simons,"Xavi Simons (Xavier Quentin Shay Simons, born 21 April 2003) is a Dutch footballer who plays as a central attacking midfielder for German club RB Leipzig, and the Netherlands national team. In the game FC 25, his overall rating is 84.",https://cdn.sofifa.net/players/245/367/25_120.png,179,58,2003-04-21,"CAM,LW,LM",CAM,84,89,€65M,€61K,Right,3,4,3,Lean (170-185),Yes,€115.4M,"Dribbler,Acrobat",112172.0,RB Leipzig,19.0,Bundesliga,https://cdn.sofifa.net/meta/team/277/30.png,LAM,10.0,2025-01-30,2027,105035.0,Netherlands,78.0,Friendly International,https://cdn.sofifa.net/meta/team/18694/30.png,SUB,7.0,74,79,60,84,62,87,82,65,79,85,86,77,90,85,87,78,69,83,63,81,76,65,78,85,61,81,60,62,56,9,11,5,8,10,"Finesse Shot,Incisive Pass,Tiki Taka,Technical,Flair,First Touch,Trivela"
